{"q_table": [[0.1, 0.0, 0.0, 0.0, 0.0], [0.06899945, 0.0, 0.0, 0.0, 0.0], [0.21110500000000001, 0.11745190000000001, 0.0, 0.0, 0.0], [0.19391000000000003, 0.0, 0.0, 0.0, 0.0], [0.24760000000000004, 0.0, 0.0, 0.0, 0.0], [0.1, 0.0, 0.0, 0.0, 0.0], [0.0, 0.0, 0.0, 0.0, 0.0], [0.0, 0.0, 0.0, 0.0, 0.0], [0.0, 0.0, 0.0, 0.0, 0.0], [0.0, 0.0, 0.0, 0.0, 0.0]], "state_size": 10, "action_size": 5, "lr": 0.1, "gamma": 0.9, "epsilon": 0.1, "subjects": ["Subject 1", "Subject 2", "Subject 3"], "subject_to_idx": {"Subject 1": 0, "Subject 2": 1, "Subject 3": 2}, "idx_to_subject": {"0": "Subject 1", "1": "Subject 2", "2": "Subject 3"}}